{"categorical": {"D_63": ["CR", "CO", "CL", "XZ", "XM", "XL"], "D_64": ["O", "R", "", "U", "-1"], "D_66": [NaN, 1.0, 0.0], "D_68": [6.0, 2.0, 3.0, NaN, 5.0, 4.0, 0.0, 1.0], "B_30": [0.0, 2.0, 1.0, NaN], "B_38": [2.0, 1.0, 3.0, 5.0, 6.0, 7.0, 4.0, NaN], "D_114": [1.0, 0.0, NaN], "D_116": [0.0, NaN, 1.0], "D_117": [4.0, -1.0, 6.0, 2.0, 1.0, NaN, 3.0, 5.0], "D_120": [0.0, 1.0, NaN], "D_126": [1.0, NaN, 0.0, -1.0]}, "numeric": {"P_2": [-0.383056640625, 1.009765625], "D_39": [8.940696716308594e-07, 5.0078125], "B_1": [-0.1414794921875, 1.32421875], "B_2": [3.337860107421875e-06, 1.009765625], "R_1": [2.980232238769531e-07, 2.5078125], "S_3": [-0.2230224609375, 2.587890625], "D_41": [6.556510925292969e-07, 4.6171875], "B_3": [1.4901161193847656e-06, 1.37109375], "D_42": [4.655122756958008e-05, 2.685546875], "D_43": [6.973743438720703e-06, 9.0859375], "D_44": [2.384185791015625e-07, 2.376953125], "B_4": [4.76837158203125e-07, 2.1875], "D_45": [5.501508712768555e-05, 1.3828125], "B_5": [8.940696716308594e-07, 43.96875], "R_2": [2.980232238769531e-07, 1.009765625], "D_46": [-2.984375, 4.02734375], "D_47": [-0.026580810546875, 1.2998046875], "D_48": [-0.00960540771484375, 2.857421875], "D_49": [8.541345596313477e-05, 1.4130859375], "B_6": [-0.0042572021484375, 32.75], "B_7": [-0.096923828125, 1.2529296875], "B_8": [2.980232238769531e-07, 1.0107421875], "D_50": [-0.603515625, 19.984375], "D_51": [4.76837158203125e-07, 2.009765625], "B_9": [2.980232238769531e-07, 5.93359375], "R_3": [4.76837158203125e-07, 6.7109375], "D_52": [-0.004974365234375, 1.009765625], "P_3": [-0.95947265625, 1.744140625], "B_10": [-0.0029392242431640625, 640.0], "D_53": [4.172325134277344e-07, 3.4609375], "S_5": [1.2516975402832031e-06, 14.140625], "B_11": [1.7881393432617188e-07, 1.4619140625], "S_6": [4.172325134277344e-07, 1.009765625], "D_54": [-0.0019702911376953125, 1.009765625], "R_4": [0.0, 1.009765625], "S_7": [-0.1715087890625, 2.52734375], "B_12": [5.125999450683594e-06, 13.4296875], "S_8": [1.5497207641601562e-06, 1.2314453125], "D_55": [1.150369644165039e-05, 1.162109375], "D_56": [-0.01424407958984375, 2.056640625], "B_13": [2.384185791015625e-07, 18.046875], "R_5": [1.1920928955078125e-07, 10.0078125], "D_58": [2.384185791015625e-07, 1.2568359375], "S_9": [3.159046173095703e-06, 2.794921875], "B_14": [-2.421875, 14.1640625], "D_59": [-0.08319091796875, 1.4638671875], "D_60": [1.2516975402832031e-06, 1.009765625], "D_61": [-0.00923919677734375, 8.5625], "B_15": [-2.865234375, 16.75], "S_11": [-0.1995849609375, 2.6875], "D_62": [-0.0015516281127929688, 3.154296875], "D_65": [5.960464477539063e-08, 29.0625], "B_16": [5.960464477539062e-07, 1.009765625], "B_17": [2.86102294921875e-06, 1.009765625], "B_18": [6.854534149169922e-06, 1.009765625], "B_19": [3.5762786865234375e-07, 1.009765625], "B_20": [7.748603820800781e-07, 1.009765625], "S_12": [-0.383544921875, 16.75], "R_6": [5.364418029785156e-07, 14.4453125], "S_13": [9.5367431640625e-07, 1.009765625], "B_21": [1.7881393432617188e-07, 15.84375], "D_69": [1.1920928955078125e-07, 251.625], "B_22": [8.344650268554688e-07, 2.0078125], "D_70": [1.1920928955078125e-07, 3.251953125], "D_71": [8.046627044677734e-06, 15.3515625], "D_72": [1.1920928955078125e-07, 3.009765625], "S_15": [-0.299072265625, 2.90234375], "B_23": [2.384185791015625e-06, 1.34765625], "D_73": [0.00016164779663085938, 1.1953125], "P_4": [5.960464477539063e-08, 1.158203125], "D_74": [1.0132789611816406e-06, 2.509765625], "D_75": [8.940696716308594e-07, 2.4765625], "D_76": [1.9073486328125e-06, 1.8955078125], "B_24": [5.960464477539063e-08, 9.21875], "R_7": [7.748603820800781e-07, 54.625], "D_77": [1.7881393432617188e-06, 2.908203125], "B_25": [-0.50341796875, 3.17578125], "B_26": [5.960464477539062e-07, 348.25], "D_78": [2.980232238769531e-07, 5.5078125], "D_79": [5.960464477539063e-08, 2.009765625], "R_8": [1.1920928955078125e-07, 14.0078125], "R_9": [2.980232238769531e-07, 1.509765625], "S_16": [0.0, 13.6015625], "D_80": [7.152557373046875e-07, 2.60546875], "R_10": [5.960464477539063e-08, 8.0078125], "R_11": [1.1920928955078125e-07, 4.0078125], "B_27": [3.5762786865234375e-07, 0.05615234375], "D_81": [0.0, 7.0078125], "D_82": [2.384185791015625e-07, 1.509765625], "S_17": [3.5762786865234375e-07, 4.05078125], "R_12": [-0.09014892578125, 1.009765625], "B_28": [1.5497207641601562e-05, 6.62890625], "R_13": [0.0, 0.364013671875], "D_83": [4.76837158203125e-07, 6.0078125], "R_14": [4.172325134277344e-07, 364.25], "R_15": [2.980232238769531e-07, 1.009765625], "D_84": [4.172325134277344e-07, 8.5078125], "R_16": [5.364418029785156e-07, 10.0], "B_29": [6.556510925292969e-06, 3.720703125], "S_18": [8.344650268554688e-07, 1.009765625], "D_86": [2.384185791015625e-07, 1.009765625], "D_87": [1.0, 1.0], "R_17": [0.0, 0.2666015625], "R_18": [1.1920928955078125e-07, 0.01000213623046875], "D_88": [0.0096282958984375, 1.1552734375], "B_31": [0.0, 1.0], "S_19": [5.960464477539063e-08, 0.06854248046875], "R_19": [5.960464477539062e-07, 1.009765625], "B_32": [0.0, 1.009765625], "S_20": [1.1920928955078125e-07, 1.009765625], "R_20": [1.1920928955078125e-07, 24.0], "R_21": [2.384185791015625e-07, 1.009765625], "B_33": [2.980232238769531e-07, 1.009765625], "D_89": [4.76837158203125e-07, 1.00390625], "R_22": [1.1920928955078125e-07, 1.009765625], "R_23": [4.76837158203125e-07, 1.0078125], "D_91": [2.384185791015625e-07, 2.0078125], "D_92": [1.1920928955078125e-07, 2.009765625], "D_93": [2.980232238769531e-07, 1.009765625], "D_94": [4.76837158203125e-07, 1.009765625], "R_24": [5.960464477539063e-08, 1.009765625], "R_25": [4.172325134277344e-07, 1.009765625], "D_96": [0.0, 1.009765625], "S_22": [-70.375, 1.0322265625], "S_23": [-4.08203125, 10.2109375], "S_24": [-75.9375, 1.0537109375], "S_25": [-2.453125, 2.326171875], "S_26": [8.940696716308594e-07, 7.859375], "D_102": [7.748603820800781e-07, 1.08984375], "D_103": [5.960464477539062e-07, 1.009765625], "D_104": [1.9669532775878906e-06, 1.05859375], "D_105": [-0.018768310546875, 1.7158203125], "D_106": [2.1457672119140625e-05, 8.046875], "D_107": [5.960464477539063e-08, 1.67578125], "B_36": [1.2516975402832031e-06, 0.5263671875], "B_37": [-1.34375, 1.328125], "R_26": [1.5795230865478516e-05, 4.328125], "R_27": [-0.01316070556640625, 1.009765625], "D_108": [1.1265277862548828e-05, 2.0078125], "D_109": [0.0, 1.009765625], "D_110": [0.10064697265625, 1.009765625], "D_111": [0.0006189346313476562, 1.009765625], "B_39": [-0.01015472412109375, 1.0087890625], "D_112": [4.827976226806641e-06, 1.009765625], "B_40": [0.0, 30.609375], "S_27": [1.1920928955078125e-07, 4.62890625], "D_113": [5.960464477539063e-08, 2.009765625], "D_115": [1.2814998626708984e-05, 1.4560546875], "D_118": [1.2516975402832031e-06, 1.4404296875], "D_119": [6.4373016357421875e-06, 1.4423828125], "D_121": [-0.031951904296875, 1.2958984375], "D_122": [1.2695789337158203e-05, 1.5810546875], "D_123": [5.960464477539063e-08, 2.009765625], "D_124": [-0.045440673828125, 1.646484375], "D_125": [5.960464477539063e-08, 3.009765625], "D_127": [5.960464477539063e-08, 1.009765625], "D_128": [5.960464477539062e-07, 1.01171875], "D_129": [1.9669532775878906e-06, 1.009765625], "B_41": [1.1920928955078125e-07, 7.0078125], "B_42": [0.0001646280288696289, 0.68017578125], "D_130": [0.0, 1.0126953125], "D_131": [2.980232238769531e-07, 1.322265625], "D_132": [-0.01172637939453125, 4.0390625], "D_133": [8.940696716308594e-07, 1.509765625], "R_28": [1.1920928955078125e-07, 1.009765625], "D_134": [-0.00962066650390625, 1.009765625], "D_135": [7.331371307373047e-06, 1.009765625], "D_136": [5.781650543212891e-06, 1.505859375], "D_137": [3.337860107421875e-06, 1.009765625], "D_138": [8.106231689453125e-06, 1.5078125], "D_139": [4.172325134277344e-07, 1.009765625], "D_140": [5.960464477539062e-07, 1.009765625], "D_141": [2.384185791015625e-07, 1.1748046875], "D_142": [-0.013946533203125, 1.7509765625], "D_143": [5.960464477539063e-08, 1.009765625], "D_144": [5.960464477539062e-07, 1.34375],